#,Name,Region / Focus,Type,API / Tech,Best For,Private Label,Website,Email,Phone
1,TopDawg,US / Multi-niche,Dropship / Hybrid,Full API + apps,"Western boots, outdoor items",No,topdawg.com,support@topdawg.com,(954) 251-3176
2,BrandsGateway,EU Fashion,Dropship,API + integrations,Designer Western-style apparel,No,brandsgateway.com,support@brandsgateway.com,+46 36100129
3,Griffati,EU Fashion,Dropship / Wholesaler,Dropship API,Western-inspired fashion,No,griffati.com,desk@griffati.com,+39 049 825 8813
4,Wholesale Accessory Market,US Western Accessories,Wholesaler,No public API,Western jewelry & gifts,Partial,wholesaleaccessorymarket.com,customerservice@ewam.com,877-524-0433
5,Katydid Wholesale,US Western Boutique,Wholesaler,Integrator-based,Western chic apparel,Yes,katydidwholesale.com,info@katydidwholesale.com,469-324-6254
6,Western Express,US Western Accessories,Distributor,Feeds via integrators,"Hats, belts, bolo ties",No,wexpress.com,Via website,Via website
7,All Seasons Clothing Co.,US Footwear,Wholesaler / Dropship,Manual + integrators,Western boots,No,allseasonsclothingcompany.com,Via website,907-357-0123
8,Dropshipzone AU,Australia,Dropshipper,API + Shopify,AU apparel & accessories,No,dropshipzone.com.au,info@dropshipzone.com.au,+61 3 9376 0841
9,EPROLO,Global / AU Warehouses,Dropship / Hybrid,Full API,Apparel + outdoor gear,Yes - Full PL,eprolo.com,support@eprolo.com,(281) 694-5687
10,Seasonsway,Australia,Dropshipper,Shopify / Amazon,AU apparel,No,seasonsway.com,support@seasonsway.com,+91 98703-24320
11,Wefulfil,Australia,Dropship / 3PL,Platform integrations,Boutique AU apparel,Partial,wefulfil.com.au,hello@wefulfil.com,Via website
12,Kakadu Traders Australia,Australia,Wholesaler,B2B,Oilskins & AU workwear,No,kakaduaustralia.com,sales@kakadutraders.com.au,+61 2 9709 3555
13,Ringers Western,Australia,Brand Wholesaler,B2B,AU Western-style apparel,No,ringerswestern.com,info@ringerswestern.com,07 5606 0748
14,Circle L Australia,Australia,Brand Wholesaler,B2B,"Western apparel, hats, saddlery",No,circlel.com.au,Via website,Via website
15,Mike Williams Country,Australia,Retail/Wholesale Hybrid,B2B,Multi-brand Western wear,No,mikewilliamscountry.com.au,Via website,+61 7 4639 1510
16,Survival Frog,US,Wholesaler / Dropship,Feeds / integrators,Survival kits,No,survivalfrog.com,support@survivalfrog.com,1-800-773-7737
17,Camping Dropship,US Outdoor,Dropship Distributor,Feeds + integrators,Camping gear,No,campingdropship.com,dropship@campingdropship.com,(760) 994-0710
18,Wholesale Survival Club,US Survival Network,Wholesale + Dropship,Product feeds,Tactical & survival gear,No,wholesalesurvivalclub.com,CustomerService@WholesaleRightNow.Net,(760) 994-0710
19,Inventory Source,Global,Integrator Platform,Automation platform,Multi-supplier feeds,No (platform),inventorysource.com,support@inventorysource.com,+1 888 351 3497
20,Flxpoint,Global,Integrator Platform,API + deep integrations,Tactical / survival distributors,No (platform),flxpoint.com,Via support portal,Via website
21,Doba,Global,Dropship Platform,Apps + API,Survival gear + multi-niche,No,doba.com,Help@doba.com,(801) 765-6000
22,Spark Shipping,Global,Automation Platform,API-based,Outdoor/survival automation,No (platform),sparkshipping.com,contact@sparkshipping.com,(617) 934-6559
23,Zanders,US Outdoor,Wholesale Distributor,Integrators,Hunting/survival gear,No,gzanders.com,info@gzanders.com,800-851-4373
24,Worldwide Brands,Global Directory,Directory,Member portal,Vetted suppliers,No (directory),worldwidebrands.com,info@worldwidebrands.com,1-877-376-7747
25,Wholesale2B,Global Aggregator,Dropship Platform,Apps + API,Multi-category,No,wholesale2b.com,support@wholesale2b.com,855-488-5235
26,CJDropshipping,Global,Dropship / Fulfillment,Full API,"Camping, survival, apparel",Yes - Branding,cjdropshipping.com,support@cjdropshipping.com,0571-86719839
27,Jacks Manufacturing,US Western/Ranch,Manufacturer / Wholesaler,No API,"Western tack, ranch gear",Yes - Custom,jacksmfg.com,info@jacksmfg.com,877-335-5121
28,Oceas Outdoor Gear,US Outdoor/Survival,Manufacturer / Wholesaler,No API,"Survival blankets, tarps",Yes - White Label,oceasoutdoors.com,Via website,Via website
29,Exxel Outdoors,US Outdoor,Manufacturer,No API,"Sleeping bags, tents, survival",Yes - Full PL,exxel.com,outdoor@exxel.com,(800) 479-5927
30,Rocky Mountain Survival Gear,US Survival,Manufacturer/Wholesaler,No API,Survival kits & tools,Yes - Small MOQ PL,rmsgear.com,tlc@rmsgear.com,877-843-5559
31,The Print Bar (AU),Australia Apparel,Manufacturer / POD,Shopify apps,Western/AU apparel,Yes - Private Label,theprintbar.com,hello@theprintbar.com,07 3854 0608
32,Private Label Apparel AU,Australia Apparel,Manufacturer,No API,Full custom apparel lines,Yes - Full PL,australianprivatelabel.com.au,accounts@australianprivatelabel.com.au,02 8311 7466
